{"name":"6436928a-9911-48a5-a746-83fe26563971","id":"/providers/Microsoft.Flow/flows/6436928a-9911-48a5-a746-83fe26563971","type":"Microsoft.Flow/flows","properties":{"apiId":"/providers/Microsoft.PowerApps/apis/shared_logicflows","displayName":"When task completed in ISMS plan post message to Security Manager channel","definition":{"$schema":"https://schema.management.azure.com/providers/Microsoft.Logic/schemas/2016-06-01/workflowdefinition.json#","contentVersion":"1.0.0.0","parameters":{"$connections":{"defaultValue":{},"type":"Object"},"$authentication":{"defaultValue":{},"type":"SecureObject"}},"triggers":{"When_a_task_is_completed":{"recurrence":{"interval":1,"frequency":"Minute"},"splitOn":"@triggerBody()?['value']","metadata":{"flowSystemMetadata":{"swaggerOperationId":"OnCompleteTask_V2"}},"type":"ApiConnection","inputs":{"host":{"api":{"runtimeUrl":"https://europe-001.azure-apim.net/apim/planner"},"connection":{"name":"@parameters('$connections')['shared_planner']['connectionId']"}},"method":"get","path":"/v1.0/planner/oncompletetask_trigger/plans/@{encodeURIComponent('_g7j6jF_10Wn6e6EtCIYs5YAACQj')}/tasks","authentication":"@parameters('$authentication')"}}},"actions":{"Post_message":{"runAfter":{"Get_user_profile_(V2)":["Succeeded"]},"metadata":{"flowSystemMetadata":{"swaggerOperationId":"PostMessageToChannel"}},"type":"ApiConnection","inputs":{"host":{"api":{"runtimeUrl":"https://europe-001.azure-apim.net/apim/teams"},"connection":{"name":"@parameters('$connections')['shared_teams']['connectionId']"}},"method":"post","body":{"rootMessage":{"body":{"content":"\"@{body('Parse_JSON')?['title']}\" completed by @{body('Get_user_profile_(V2)')?['givenName']} @{body('Get_user_profile_(V2)')?['surname']}  https://tasks.office.com/ssatuk.co.uk/en/Home/Task/@{variables('TaskId')}","contentType":1}}},"path":"/beta/groups/@{encodeURIComponent('67736023-d9aa-49f4-b6b6-2faaca7a9ba6')}/channels/@{encodeURIComponent('7e775374-ec5b-459e-a83d-a6b221a8cfb6')}/chatThreads","authentication":"@parameters('$authentication')"}},"Parse_JSON":{"runAfter":{"Initialize_CreatedById":["Succeeded"]},"type":"ParseJson","inputs":{"content":"@triggerBody()","schema":{"type":"object","properties":{"@@odata.etag":{"type":"string"},"createdBy":{"type":"object","properties":{"user":{"type":"object","properties":{"displayName":{},"id":{"type":"string"}}}}},"planId":{"type":"string"},"bucketId":{"type":"string"},"title":{"type":"string"},"orderHint":{"type":"string"},"assigneePriority":{"type":"string"},"percentComplete":{"type":"number"},"startDateTime":{},"createdDateTime":{"type":"string"},"dueDateTime":{"type":"string"},"hasDescription":{"type":"boolean"},"previewType":{"type":"string"},"completedDateTime":{"type":"string"},"completedBy":{"type":"object","properties":{"user":{"type":"object","properties":{"displayName":{},"id":{"type":"string"}}}}},"referenceCount":{"type":"number"},"checklistItemCount":{"type":"number"},"activeChecklistItemCount":{"type":"number"},"appliedCategories":{"type":"object","properties":{}},"assignments":{"type":"object","properties":{}},"conversationThreadId":{},"id":{"type":"string"}}}}},"Initialize_TaskId":{"runAfter":{},"type":"InitializeVariable","inputs":{"variables":[{"name":"TaskId","type":"String","value":"@triggerBody()?['id']"}]}},"Initialize_CompletedById":{"runAfter":{"Parse_JSON":["Succeeded"]},"type":"InitializeVariable","inputs":{"variables":[{"name":"CompletedById","type":"String","value":"@body('Parse_JSON')?['createdBy']?['user']?['id']"}]}},"Initialize_CreatedById":{"runAfter":{"Initialize_TaskId":["Succeeded"]},"type":"InitializeVariable","inputs":{"variables":[{"name":"CreatedById","type":"String","value":"@triggerBody()?['createdBy']?['user']?['id']"}]}},"Get_user_profile_(V2)":{"runAfter":{"Initialize_CompletedById":["Succeeded"]},"metadata":{"flowSystemMetadata":{"swaggerOperationId":"UserProfile_V2"}},"type":"ApiConnection","inputs":{"host":{"api":{"runtimeUrl":"https://europe-001.azure-apim.net/apim/office365users"},"connection":{"name":"@parameters('$connections')['shared_office365users_1']['connectionId']"}},"method":"get","path":"/codeless/v1.0/users/@{encodeURIComponent(variables('CompletedById'))}","authentication":"@parameters('$authentication')"}}},"outputs":{}},"connectionReferences":{"shared_teams":{"connectionName":"shared-teams-a549297f-78c4-480e-8e8c-1bd1a7e777ea","source":"Embedded","id":"/providers/Microsoft.PowerApps/apis/shared_teams","tier":"NotSpecified"},"shared_office365users_1":{"connectionName":"shared-office365user-62c002bf-a48e-4497-92d3-dc1c8e32e7f2","source":"Embedded","id":"/providers/Microsoft.PowerApps/apis/shared_office365users","tier":"NotSpecified"},"shared_planner":{"connectionName":"shared-planner-d30bcd0e-49ff-4e22-98da-909278d1ae6e","source":"Embedded","id":"/providers/Microsoft.PowerApps/apis/shared_planner","tier":"NotSpecified"}},"flowFailureAlertSubscribed":false}}